Workbook

Sheet cox_model
A1: id | B1: time | C1: status | D1: stage_at_death | E1: Plant_species | F1: Treatment | G1: Survival_to_pupa
A2: PF1.1a | B2: =Larvae!AF34-Larvae!C34 -> 22 | C2: 0 | E2: M. aquaticum | F2: Control | G2: 1 | O2: status = 0 | P2: survival until pupa!!!
A3: PF1.2a | B3: =Larvae!V35-Larvae!C35 -> 17 | C3: 0 | E3: M. aquaticum | F3: Control | G3: 1 | O3: status = 1 | P3: the event happened,= dead
A4: PF2.1a | B4: 1 | C4: 1 | E4: M. aquaticum | F4: Control | G4: 0
A5: PF2.2a | B5: =Larvae!V37-Larvae!C37 -> 17 | C5: 0 | E5: M. aquaticum | F5: Control | G5: 1
A6: PF3.1a | B6: =Larvae!L38-Larvae!C38+1 -> 13 | C6: 1 | E6: M. aquaticum | F6: Control | G6: 0
A7: PF3.2a | B7: 1 | C7: 1 | E7: M. aquaticum | F7: Control | G7: 0
A8: PF4.1a | B8: 1 | C8: 1 | E8: M. aquaticum | F8: Control | G8: 0
A9: PF4.2a | B9: =Larvae!V41-Larvae!C41 -> 17 | C9: 0 | E9: M. aquaticum | F9: Control | G9: 1
A10: PF5.1a | B10: 1 | C10: 1 | E10: M. aquaticum | F10: Control | G10: 0
A11: PF5.2a | B11: =Larvae!V43-Larvae!C43 -> 17 | C11: 0 | E11: M. aquaticum | F11: Control | G11: 1
A12: PF6.1a | B12: =Larvae!P44-Larvae!C44 -> 14 | C12: 0 | E12: M. aquaticum | F12: Control | G12: 1
A13: PF6.2a | B13: 1 | C13: 1 | E13: M. aquaticum | F13: Control | G13: 0
A14: PF7.1a | B14: =Larvae!V46-Larvae!C46 -> 17 | C14: 0 | E14: M. aquaticum | F14: Herbivory 5 days | G14: 1
A15: PF7.2a | B15: 1 | C15: 1 | E15: M. aquaticum | F15: Herbivory 5 days | G15: 0
A16: PF8.1a | B16: =Larvae!AD48-Larvae!C48 -> 21 | C16: 0 | E16: M. aquaticum | F16: Herbivory 5 days | G16: 1
A17: PF8.2a | B17: =Larvae!V49-Larvae!C49 -> 17 | C17: 0 | E17: M. aquaticum | F17: Herbivory 5 days | G17: 1
A18: PF9.1a | B18: =Larvae!F50-Larvae!C50+1 -> 6 | C18: 1 | E18: M. aquaticum | F18: Herbivory 5 days | G18: 0
A19: PF9.2a | B19: =1 -> 1 | C19: 1 | E19: M. aquaticum | F19: Herbivory 5 days | G19: 0
A20: PF10.1a | B20: =Larvae!Z52-Larvae!C52 -> 19 | C20: 0 | E20: M. aquaticum | F20: Herbivory 5 days | G20: 1
A21: PF10.2a | B21: =Larvae!F53-Larvae!C53+1 -> 6 | C21: 1 | E21: M. aquaticum | F21: Herbivory 5 days | G21: 0
A22: PF11.1a | B22: =Larvae!F54-Larvae!C54+1 -> 6 | C22: 1 | E22: M. aquaticum | F22: Herbivory 5 days | G22: 0
A23: PF11.2a | B23: 1 | C23: 1 | E23: M. aquaticum | F23: Herbivory 5 days | G23: 0
A24: PF12.1a | B24: =Larvae!Z56-Larvae!C56 -> 19 | C24: 0 | E24: M. aquaticum | F24: Herbivory 5 days | G24: 1
A25: PF12.2a | B25: 1 | C25: 1 | E25: M. aquaticum | F25: Herbivory 5 days | G25: 0
A30: id | B30: time | C30: status | D30: stage_at_death | E30: Plant_species | F30: Treatment | G30: Survival_to_pupa
A31: PP1.1 | B31: =Larvae!L58-Larvae!C58+1 -> 13 | C31: 1 | E31: P. palustris | F31: Control | G31: 0
A32: PP1.2 | B32: =Larvae!H59-Larvae!C59+1 -> 8 | C32: 1 | E32: P. palustris | F32: Control | G32: 0
A33: PP2.1 | B33: 1 | C33: 1 | E33: P. palustris | F33: Control | G33: 0
A34: PP2.2 | B34: =Larvae!AF61-Larvae!C61 -> 22 | C34: 1 | E34: P. palustris | F34: Control | G34: 0
A35: PP3.1 | B35: 1 | C35: 1 | E35: P. palustris | F35: Control | G35: 0
A36: PP3.2 | B36: 1 | C36: 1 | E36: P. palustris | F36: Control | G36: 0
A37: PP4.1 | B37: 1 | C37: 1 | E37: P. palustris | F37: Control | G37: 0
A38: PP4.2 | B38: 1 | C38: 1 | E38: P. palustris | F38: Control | G38: 0
A39: PP5.1 | B39: 1 | C39: 1 | E39: P. palustris | F39: Control | G39: 0
A40: PP5.2 | B40: =1 -> 1 | C40: 1 | E40: P. palustris | F40: Control | G40: 0
A41: PP6.1 | B41: =Larvae!J68-Larvae!C68+1 -> 10 | C41: 1 | E41: P. palustris | F41: Control | G41: 0
A42: PP6.2 | B42: 1 | C42: 1 | E42: P. palustris | F42: Control | G42: 0
A43: PP7.1 | B43: =Larvae!H70-Larvae!C70+1 -> 8 | C43: 1 | E43: P. palustris | F43: Herbivory 5 days | G43: 0
A44: PP7.2 | B44: 1 | C44: 1 | E44: P. palustris | F44: Herbivory 5 days | G44: 0
A45: PP8.1 | B45: 1 | C45: 1 | E45: P. palustris | F45: Herbivory 5 days | G45: 0
A46: PP8.2 | B46: 1 | C46: 1 | E46: P. palustris | F46: Herbivory 5 days | G46: 0
A47: PP9.1 | B47: 1 | C47: 1 | E47: P. palustris | F47: Herbivory 5 days | G47: 0
A48: PP9.2 | B48: 1 | C48: 1 | E48: P. palustris | F48: Herbivory 5 days | G48: 0
A49: PP10.1 | B49: 1 | C49: 1 | E49: P. palustris | F49: Herbivory 5 days | G49: 0
A50: PP10.2 | B50: 1 | C50: 1 | E50: P. palustris | F50: Herbivory 5 days | G50: 0
A51: PP11.1 | B51: 1 | C51: 1 | E51: P. palustris | F51: Herbivory 5 days | G51: 0
A52: PP11.2 | B52: 1 | C52: 1 | E52: P. palustris | F52: Herbivory 5 days | G52: 0
A53: PP12.1 | B53: =Larvae!L80-Larvae!C80 -> 12 | C53: 0 | E53: P. palustris | F53: Herbivory 5 days | G53: 1
A54: PP12.2 | B54: 1 | C54: 1 | E54: P. palustris | F54: Herbivory 5 days | G54: 0
A59: id | B59: time | C59: status | D59: stage_at_death | E59: Plant_species | F59: Treatment | G59: Survival_to_pupa
A60: MHi1.1 | B60: =Larvae!X82-Larvae!C82 -> 18 | C60: 0 | E60: M. hippuroides | F60: Control | G60: 1
A61: MHi1.2 | B61: =1 -> 1 | C61: 1 | E61: M. hippuroides | F61: Control | G61: 0
A62: MHi2.1 | B62: 1 | C62: 1 | E62: M. hippuroides | F62: Control | G62: 0
A63: MHi2.2 | B63: 1 | C63: 1 | E63: M. hippuroides | F63: Control | G63: 0
A64: MHi3.1 | B64: 1 | C64: 1 | E64: M. hippuroides | F64: Control | G64: 0
A65: MHi3.2 | B65: =1 -> 1 | C65: 1 | E65: M. hippuroides | F65: Control | G65: 0
A66: MHi4.1 | B66: =Larvae!T88-Larvae!C88 -> 16 | C66: 0 | E66: M. hippuroides | F66: Control | G66: 1
A67: MHi4.2 | B67: =Larvae!R89-Larvae!C89 -> 15 | C67: 0 | E67: M. hippuroides | F67: Control | G67: 1
A68: MHi5.1 | B68: =Larvae!Z90-Larvae!C90 -> 19 | C68: 0 | E68: M. hippuroides | F68: Control | G68: 1
A69: MHi5.2 | B69: =1 -> 1 | C69: 1 | E69: M. hippuroides | F69: Control | G69: 0
A70: MHi6.1 | B70: =Larvae!AF92-Larvae!C92 -> 22 | C70: 0 | E70: M. hippuroides | F70: Control | G70: 1
A71: MHi6.2 | B71: =1 -> 1 | C71: 1 | E71: M. hippuroides | F71: Control | G71: 0
A72: MHi7.1 | B72: =1 -> 1 | C72: 1 | E72: M. hippuroides | F72: Herbivory 5 days | G72: 0
A73: MHi7.2 | B73: 1 | C73: 1 | E73: M. hippuroides | F73: Herbivory 5 days | G73: 0
A74: MHi8.1 | B74: =1 -> 1 | C74: 1 | E74: M. hippuroides | F74: Herbivory 5 days | G74: 0
A75: MHi8.2 | B75: =Larvae!L97-Larvae!C97+1 -> 13 | C75: 1 | E75: M. hippuroides | F75: Herbivory 5 days | G75: 0
A76: MHi9.1 | B76: =1 -> 1 | C76: 1 | E76: M. hippuroides | F76: Herbivory 5 days | G76: 0
A77: MHi9.2 | B77: =Larvae!F99-Larvae!C99+1 -> 6 | C77: 1 | E77: M. hippuroides | F77: Herbivory 5 days | G77: 0
A78: MHi10.1 | B78: =1 -> 1 | C78: 1 | E78: M. hippuroides | F78: Herbivory 5 days | G78: 0
A79: MHi10.2 | B79: 1 | C79: 1 | E79: M. hippuroides | F79: Herbivory 5 days | G79: 0
A80: MHi11.1 | B80: =1 -> 1 | C80: 1 | E80: M. hippuroides | F80: Herbivory 5 days | G80: 0
A81: MHi11.2 | B81: =1 -> 1 | C81: 1 | E81: M. hippuroides | F81: Herbivory 5 days | G81: 0
A82: MHi12.1 | B82: =Larvae!F104-Larvae!C104+1 -> 6 | C82: 1 | E82: M. hippuroides | F82: Herbivory 5 days | G82: 0
A83: MHi12.2 | B83: =Larvae!H105-Larvae!C105+1 -> 8 | C83: 1 | E83: M. hippuroides | F83: Herbivory 5 days | G83: 0
A85: id | B85: time | C85: status | D85: stage_at_death | E85: Plant_species | F85: Treatment | G85: Survival_to_pupa
A86: PF1.1b | B86: =Larvae!R108-Larvae!C108 -> 18 | C86: 0 | E86: M. aquaticum | F86: Control | G86: 1
A87: PF1.2b | B87: =Larvae!X109-Larvae!C109 -> 21 | C87: 0 | E87: M. aquaticum | F87: Control | G87: 1
A88: PF2.1b | B88: =1 -> 1 | C88: 1 | E88: M. aquaticum | F88: Control | G88: 0
A89: PF2.2b | B89: =Larvae!R111-Larvae!C111 -> 18 | C89: 0 | E89: M. aquaticum | F89: Control | G89: 1
A90: PF3.1b | B90: =1 -> 1 | C90: 1 | E90: M. aquaticum | F90: Control | G90: 0
A91: PF3.2b | B91: =Larvae!X113-Larvae!C113 -> 21 | C91: 0 | E91: M. aquaticum | F91: Control | G91: 1
A92: PF4.1b | B92: =Larvae!R114-Larvae!C114 -> 18 | C92: 0 | E92: M. aquaticum | F92: Control | G92: 1
A93: PF4.2b | B93: =Larvae!T115-Larvae!C115 -> 19 | C93: 0 | E93: M. aquaticum | F93: Control | G93: 1
A94: PF5.1b | B94: =Larvae!T116-Larvae!C116 -> 19 | C94: 0 | E94: M. aquaticum | F94: Control | G94: 1
A95: PF5.2b | B95: =1 -> 1 | C95: 1 | E95: M. aquaticum | F95: Control | G95: 0
A96: PF6.1b | B96: =Larvae!X118-Larvae!C118 -> 21 | C96: 0 | E96: M. aquaticum | F96: Control | G96: 1
A97: PF6.2b | B97: =Larvae!P119-Larvae!C119 -> 16 | C97: 0 | E97: M. aquaticum | F97: Control | G97: 1
A98: PF7.1b | B98: =Larvae!R120-Larvae!C120 -> 18 | C98: 0 | E98: M. aquaticum | F98: Herbviroy 5 days | G98: 1
A99: PF7.2b | B99: =Larvae!X121-Larvae!C121 -> 21 | C99: 0 | E99: M. aquaticum | F99: Herbviroy 5 days | G99: 1
A100: PF8.1b | B100: =1 -> 1 | C100: 1 | E100: M. aquaticum | F100: Herbviroy 5 days | G100: 0
A101: PF8.2b | B101: =1 -> 1 | C101: 1 | E101: M. aquaticum | F101: Herbviroy 5 days | G101: 0
A102: PF9.1b | B102: =Larvae!AF124-Larvae!C124 -> 25 | C102: 0 | E102: M. aquaticum | F102: Herbviroy 5 days | G102: 1
A103: PF9.2b | B103: =Larvae!X125-Larvae!C125 -> 21 | C103: 0 | E103: M. aquaticum | F103: Herbviroy 5 days | G103: 1
A104: PF10.1b | B104: =Larvae!T126-Larvae!C126 -> 19 | C104: 0 | E104: M. aquaticum | F104: Herbviroy 5 days | G104: 1
A105: PF10.2b | B105: =Larvae!X127-Larvae!C127 -> 21 | C105: 0 | E105: M. aquaticum | F105: Herbviroy 5 days | G105: 1
A106: PF11.1b | B106: =Larvae!T128-Larvae!C128 -> 19 | C106: 0 | E106: M. aquaticum | F106: Herbviroy 5 days | G106: 1
A107: PF11.2b | B107: =Larvae!R129-Larvae!C129 -> 18 | C107: 0 | E107: M. aquaticum | F107: Herbviroy 5 days | G107: 1
A108: PF12.1b | B108: =1 -> 1 | C108: 1 | E108: M. aquaticum | F108: Herbviroy 5 days | G108: 0
A109: PF12.2b | B109: =Larvae!R131-Larvae!C131 -> 18 | C109: 0 | E109: M. aquaticum | F109: Herbviroy 5 days | G109: 1
...

Sheet Larvae
A1: Rep | B1: Plant_sp | C1: Date_larvae | D1: Check_date_1 | E1: Head_capsule_width_1_mm | F1: Check_date_2 | G1: Head_capsule_width_2_mm | H1: Check_date_3 | I1: Head_capsule_width_3_mm | J1: Check_date_4 | K1: Head_capsule_width_4_mm | L1: Check_date_5 | M1: Head_capsule_width_5_mm | N1: Check_date_6 | O1: Head_capsule_width_6_mm | P1: Check_date_7 | Q1: Head_capsule_width_7_mm | R1: Check_date_8 | S1: Head_capsule_width_8_mm | T1: Check_date_9 | U1: Head_capsule_width_9_mm | V1: Check_date_10 | W1: Head_capsule_width_10_mm | X1: Check_date_11 | Y1: Head_capsule_width_11_mm | Z1: Remarks (emerged). Numbers are for the feeding score after the 5days exposure
A2: PF10.1 | B2: M. aquaticum | C2: 45901 | D2: 45903 | E2: 0.24 | F2: 45905 | G2: 0.3 | H2: 45908 | I2: 0.36 | J2: 45909 | K2: 0.42 | L2: 45910 | M2: 0.42 | N2: 45911 | O2: 0.42 | P2: 45912 | Q2: 0.48 | Z2: 11/09: larva not very active. 12/09/2025: larva dead
A3: PF10.2 | B3: M. aquaticum | C3: 45901 | D3: 45903 | E3: 0.24 | F3: 45905 | G3: 0.3 | H3: 45908 | I3: 0.36 | J3: 45909 | K3: 0.42 | L3: 45910 | M3: 0.42 | N3: 45911 | O3: 0.6 | P3: 45912 | Q3: 0.66 | R3: 45915 | S3: 0.66 | T3: 45917 | U3: prepupal stage | V3: 45919 | W3: pupa | X3: 45925 | Y3: adult | Z3: the larva pupated on PF
A4: PF11.1 | B4: M. aquaticum | C4: 45901 | D4: 45903 | E4: 0.24 | F4: 45905 | G4: 0.42 | H4: 45908 | I4: 0.42 | J4: 45909 | K4: 0.54 | L4: 45910 | M4: 0.66 | N4: 45911 | O4: 0.66 | P4: 45912 | Q4: 0.66 | R4: 45915 | S4: 0.66 | T4: 45917 | U4: prepupal stage | V4: 45919 | W4: pupa | X4: 45925 | Y4: adult | Z4: the larva pupated on PF
A5: PF11.2 | B5: M. aquaticum | C5: 45901 | D5: 45903 | E5: 0.24 | F5: 45905 | G5: 0.3 | H5: 45908 | I5: 0.36 | J5: 45909 | K5: 0.42 | L5: 45910 | M5: 0.66 | N5: 45911 | O5: 0.66 | P5: 45912 | Q5: 0.66 | R5: 45915 | S5: 0.66 | T5: 45917 | U5: prepupal stage | V5: 45919 | W5: pupa | X5: 45925 | Y5: adult | Z5: the larva pupated on PF
A6: PF12.1 | B6: M. aquaticum | C6: 45901 | D6: 45903 | E6: 0.24 | L6: 45910 | Z6: 10/09/2025: larva dead
A7: PF12.2 | B7: M. aquaticum | C7: 45901 | D7: 45903 | E7: 0.24 | F7: 45905 | G7: 0.3
A8: MV7.1 | B8: M. verticillatum | C8: 45901 | D8: 45903 | E8: 0.18
A9: MV7.2 | B9: M. verticillatum | C9: 45901 | D9: 45903 | E9: 0.24
A10: MV8.1 | B10: M. verticillatum | C10: 45901 | D10: 45903 | F10: 45905 | G10: 0.24
A11: MV8.2 | B11: M. verticillatum | C11: 45901 | D11: 45903
A12: MV9.1 | B12: M. verticillatum | C12: 45901 | D12: 45903 | E12: 0.24 | F12: 45905 | G12: 0.24 | H12: 45908 | I12: 0.36 | J12: 45909 | K12: 0.6 | L12: 45910 | M12: 0.6 | N12: 45911 | O12: 0.6 | P12: 45912 | Q12: 0.6 | R12: 45915 | S12: 0.6
A13: MV9.2 | B13: M. verticillatum | C13: 45901 | D13: 45903 | E13: 0.21
A14: MV10.1 | B14: M. verticillatum | C14: 45901 | D14: 45903
A15: MV10.2 | B15: M. verticillatum | C15: 45901 | D15: 45903
A16: MV11.1 | B16: M. verticillatum | C16: 45901 | D16: 45903 | F16: 45905 | G16: 0.3 | H16: 45908 | I16: 0.36 | J16: 45909 | K16: 0.6 | L16: 45910 | M16: 0.6 | N16: 45911 | O16: 0.6 | P16: 45912 | Q16: 0.6 | R16: 45915 | S16: 0.66 | T16: 45917 | U16: prepupal stage | V16: 45919 | W16: pupa | X16: 45925 | Y16: adult | Z16: the larva pupated on the wall of the cylinder
A17: MV11.2 | B17: M. verticillatum | C17: 45901 | D17: 45903
A18: MV12.1 | B18: M. verticillatum | C18: 45901 | D18: 45903 | E18: 0.24 | N18: 45911 | O18: 0.42 | Z18: 11/09/2025: larva dead
A19: MV12.2 | B19: M. verticillatum | C19: 45901 | D19: 45903
A20: MH7.1 | B20: M. heterophyllum | C20: 45901 | D20: 45903 | Z20: 03/09/2025: larva dead
A21: MH7.2 | B21: M. heterophyllum | C21: 45901 | D21: 45903 | E21: 0.18 | F21: 45905 | G21: 0.24 | H21: 45908 | I21: 0.3
A22: MH8.1 | B22: M. heterophyllum | C22: 45901 | D22: 45903
A23: MH8.2 | B23: M. heterophyllum | C23: 45901 | D23: 45903 | E23: 0.18 | Z23: the larva wasn't very active (on the 03/09/2025)
A24: MH9.1 | B24: M. heterophyllum | C24: 45901 | D24: 45903 | E24: 0.18 | Z24: the larva was found in the water (on the 03/09/2025)
A25: MH9.2 | B25: M. heterophyllum | C25: 45901 | D25: 45903 | E25: 0.24 | F25: 45905 | G25: 0.48 | H25: 45908 | I25: 0.6 | J25: 45909 | K25: 0.6 | L25: 45910 | M25: 0.6 | N25: 45911 | O25: 0.6 | Z25: 11/09/2025: larva dead
A26: MH10.1 | B26: M. heterophyllum | C26: 45901 | D26: 45903 | E26: 0.24
A27: MH10.2 | B27: M. heterophyllum | C27: 45901 | D27: 45903 | F27: 45905 | G27: 0.24 | H27: 45908 | Z27: 08/09/2025: larva dead
A28: MH11.1 | B28: M. heterophyllum | C28: 45901 | D28: 45903
A29: MH11.2 | B29: M. heterophyllum | C29: 45901 | D29: 45903 | Z29: I think the larva was dead (03/09/2025)
A30: MH12.1 | B30: M. heterophyllum | C30: 45901 | D30: 45903 | E30: 0.24 | Z30: larva found in the water and wasn't very active (03/09/2025)
A31: MH12.2 | B31: M. heterophyllum | C31: 45901 | D31: 45903 | E31: 0.24 | F31: 45905 | Z31: 05/09/2025: larva dead
A33: Rep | B33: Plant_species | C33: Date_larvae | D33: Check_date_1 | E33: HCW_1 | F33: Check_date_2 | G33: HCW_2 | H33: Check_date_3 | I33: HCW_3 | J33: Check_date_4 | K33: HCW_4 | L33: Check_date_5 | M33: HCW_5 | N33: Check_date_6 | O33: HCW_6 | P33: Check_date_7 | Q33: HCW_7 | R33: Check_date_8 | S33: HCW_8 | T33: Check_date_9 | U33: HCW_9 | V33: Check_date_10 | W33: HCW_10 | X33: Check_date_11 | Y33: HCW_11 | Z33: Check_date_12 | AA33: HCW_12 | AB33: Check_date_13 | AC33: HCW_13 | AD33: Check_date_14 | AE33: HCW_14 | AF33: Check_date_15 | AG33: HCW_15 | AH33: Check_date_16 | AI33: HCW_16 | AJ33: Check_date_17 | AK33: HCW_17 | AL33: Check_date_18 | AM33: HCW_18 | AN33: Check_date_19 | AO33: HCW_19 | AP33: Check_date_20 | AQ33: HCW_20
A34: PF1.1a | B34: M. aquaticum | C34: 45938 | F34: 45943 | G34: 0.3 | H34: 45945 | I34: 0.3 | J34: 45947 | K34: 0.42 | L34: 45950 | M34: 0.66 | N34: 45951 | P34: 45952 | Q34: 0.66 | R34: 45953 | S34: 0.72 | T34: 45954 | U34: prepupal stage | V34: 45955 | W34: prepupal stage | X34: 45956 | Y34: prepupal stage | Z34: 45957 | AA34: prepupal stage | AB34: 45958 | AC34: prepupal stage | AD34: 45959 | AE34: prepupal stage | AF34: 45960 | AG34: pupa | AH34: 45961 | AJ34: 45962 | AL34: 45963 | AN34: 45964 | AO34: adult
A35: PF1.2a | B35: M. aquaticum | C35: 45938 | F35: 45943 | G35: 0.3 | H35: 45945 | I35: 0.48 | J35: 45947 | K35: 0.66 | L35: 45950 | M35: 0.66 | N35: 45951 | P35: 45952 | Q35: prepupal stage | R35: 45953 | S35: prepupal stage | T35: 45954 | U35: prepupal stage | V35: 45955 | W35: pupa | X35: 45956 | Z35: 45957 | AB35: 45958 | AD35: 45959 | AF35: 45960 | AG35: adult | AH35: 45961 | AJ35: 45962 | AL35: 45963 | AN35: 45964
A36: PF2.1a | B36: M. aquaticum | C36: 45938 | F36: 45943 | H36: 45945 | J36: 45947 | L36: 45950 | N36: 45951 | P36: 45952 | R36: 45953 | T36: 45954 | V36: 45955 | X36: 45956 | Z36: 45957 | AB36: 45958 | AD36: 45959 | AF36: 45960 | AH36: 45961 | AJ36: 45962 | AL36: 45963 | AN36: 45964
A37: PF2.2a | B37: M. aquaticum | C37: 45938 | F37: 45943 | G37: 0.48 | H37: 45945 | I37: 0.48 | J37: 45947 | K37: 0.66 | L37: 45950 | M37: 0.72 | N37: 45951 | O37: prepupal stage | P37: 45952 | Q37: prepupal stage | R37: 45953 | S37: prepupal stage | T37: 45954 | U37: prepupal stage | V37: 45955 | W37: pupa | X37: 45956 | Z37: 45957 | AB37: 45958 | AD37: 45959 | AF37: 45960 | AG37: adult | AH37: 45961 | AJ37: 45962 | AL37: 45963 | AN37: 45964
A38: PF3.1a | B38: M. aquaticum | C38: 45938 | F38: 45943 | G38: 0.3 | H38: 45945 | J38: 45947 | K38: 0.3 | L38: 45950 | M38: 0.3 | N38: 45951 | P38: 45952 | Q38: 0,3 larva dead | R38: 45953 | T38: 45954 | V38: 45955 | X38: 45956 | Z38: 45957 | AB38: 45958 | AD38: 45959 | AF38: 45960 | AH38: 45961 | AJ38: 45962 | AL38: 45963 | AN38: 45964
A39: PF3.2a | B39: M. aquaticum | C39: 45938 | F39: 45943 | G39: larva dead | H39: 45945 | J39: 45947 | L39: 45950 | N39: 45951 | P39: 45952 | R39: 45953 | T39: 45954 | V39: 45955 | X39: 45956 | Z39: 45957 | AB39: 45958 | AD39: 45959 | AF39: 45960 | AH39: 45961 | AJ39: 45962 | AL39: 45963 | AN39: 45964
A40: PF4.1a | B40: M. aquaticum | C40: 45938 | F40: 45943 | G40: larva dead | H40: 45945 | J40: 45947 | L40: 45950 | N40: 45951 | P40: 45952 | R40: 45953 | T40: 45954 | V40: 45955 | X40: 45956 | Z40: 45957 | AB40: 45958 | AD40: 45959 | AF40: 45960 | AH40: 45961 | AJ40: 45962 | AL40: 45963 | AN40: 45964
A41: PF4.2a | B41: M. aquaticum | C41: 45938 | F41: 45943 | G41: 0.42 | H41: 45945 | I41: 0.42 | J41: 45947 | K41: 0.6 | L41: 45950 | M41: 0.66 | N41: 45951 | P41: 45952 | Q41: prepupal stage | R41: 45953 | S41: prepupal stage | T41: 45954 | U41: prepupal stage | V41: 45955 | W41: pupa | X41: 45956 | Z41: 45957 | AB41: 45958 | AD41: 45959 | AF41: 45960 | AG41: adult | AH41: 45961 | AJ41: 45962 | AL41: 45963 | AN41: 45964
A42: PF5.1a | B42: M. aquaticum | C42: 45938 | F42: 45943 | H42: 45945 | J42: 45947 | L42: 45950 | N42: 45951 | P42: 45952 | R42: 45953 | T42: 45954 | V42: 45955 | X42: 45956 | Z42: 45957 | AB42: 45958 | AD42: 45959 | AF42: 45960 | AH42: 45961 | AJ42: 45962 | AL42: 45963 | AN42: 45964
A43: PF5.2a | B43: M. aquaticum | C43: 45938 | F43: 45943 | G43: 0.42 | H43: 45945 | I43: 0.42 | J43: 45947 | K43: 0.6 | L43: 45950 | M43: 0.66 | N43: 45951 | P43: 45952 | Q43: 0.72 | R43: 45953 | S43: prepupal stage | T43: 45954 | U43: prepupal stage | V43: 45955 | W43: pupa | X43: 45956 | Z43: 45957 | AB43: 45958 | AD43: 45959 | AF43: 45960 | AG43: adult | AH43: 45961 | AJ43: 45962 | AL43: 45963 | AN43: 45964
A44: PF6.1a | B44: M. aquaticum | C44: 45938 | F44: 45943 | G44: 0.48 | H44: 45945 | I44: 0.66 | J44: 45947 | K44: 0.66 | L44: 45950 | M44: prepupal stage | N44: 45951 | O44: prepupal stage | P44: 45952 | Q44: pupa | R44: 45953 | T44: 45954 | V44: 45955 | X44: 45956 | Z44: 45957 | AA44: adult | AB44: 45958 | AD44: 45959 | AF44: 45960 | AH44: 45961 | AJ44: 45962 | AL44: 45963 | AN44: 45964
A45: PF6.2a | B45: M. aquaticum | C45: 45938 | F45: 45943 | H45: 45945 | I45: 0.3 | J45: 45947 | L45: 45950 | N45: 45951 | P45: 45952 | R45: 45953 | T45: 45954 | V45: 45955 | X45: 45956 | Z45: 45957 | AB45: 45958 | AD45: 45959 | AF45: 45960 | AH45: 45961 | AJ45: 45962 | AL45: 45963 | AN45: 45964 | AS45: F0 mais traces de crottes
A46: PF7.1a | B46: M. aquaticum | C46: 45938 | F46: 45943 | G46: 0.3 | H46: 45945 | I46: 0.42 | J46: 45947 | K46: 0.48 | L46: 45950 | M46: 0.66 | N46: 45951 | P46: 45952 | Q46: prepupal stage | R46: 45953 | S46: prepupal stage | T46: 45954 | U46: prepupal stage | V46: 45955 | W46: pupa | X46: 45956 | Z46: 45957 | AB46: 45958 | AD46: 45959 | AE46: adult | AF46: 45960 | AH46: 45961 | AJ46: 45962 | AL46: 45963 | AN46: 45964 | AS46: F0 mais traces de crottes
A47: PF7.2a | B47: M. aquaticum | C47: 45938 | F47: 45943 | G47: larva dead | H47: 45945 | J47: 45947 | L47: 45950 | N47: 45951 | P47: 45952 | R47: 45953 | T47: 45954 | V47: 45955 | X47: 45956 | Z47: 45957 | AB47: 45958 | AD47: 45959 | AF47: 45960 | AH47: 45961 | AJ47: 45962 | AL47: 45963 | AN47: 45964 | AS47: F0 mais traces de crottes
A48: PF8.1a | B48: M. aquaticum | C48: 45938 | F48: 45943 | G48: 0.3 | H48: 45945 | I48: 0.3 | J48: 45947 | K48: 0.42 | L48: 45950 | M48: 0.66 | N48: 45951 | P48: 45952 | Q48: 0.66 | R48: 45953 | S48: 0.66 | T48: 45954 | U48: 0.66 | V48: 45955 | W48: prepupal stage | X48: 45956 | Y48: prepupal stage | Z48: 45957 | AB48: 45958 | AC48: prepupal stage | AD48: 45959 | AE48: pupa | AF48: 45960 | AH48: 45961 | AJ48: 45962 | AK48: dead | AL48: 45963 | AN48: 45964 | AS48: F0 mais traces de crottes- dead <- dessication
A49: PF8.2a | B49: M. aquaticum | C49: 45938 | F49: 45943 | G49: 0.42 | H49: 45945 | I49: 0.48 | J49: 45947 | K49: 0.66 | L49: 45950 | M49: 0.66 | N49: 45951 | P49: 45952 | Q49: prepupal stage | R49: 45953 | S49: prepupal stage | T49: 45954 | U49: prepupal stage | V49: 45955 | W49: pupa | X49: 45956 | Z49: 45957 | AB49: 45958 | AD49: 45959 | AF49: 45960 | AG49: adult | AH49: 45961 | AJ49: 45962 | AL49: 45963 | AN49: 45964 | AS49: 0 mais traces de crottes
A50: PF9.1a | B50: M. aquaticum | C50: 45938 | F50: 45943 | G50: 0.3 | H50: 45945 | J50: 45947 | L50: 45950 | N50: 45951 | P50: 45952 | R50: 45953 | T50: 45954 | V50: 45955 | X50: 45956 | Z50: 45957 | AB50: 45958 | AD50: 45959 | AF50: 45960 | AH50: 45961 | AJ50: 45962 | AL50: 45963 | AN50: 45964 | AS50: F1
A51: PF9.2a | B51: M. aquaticum | C51: 45938 | F51: 45943 | G51: larva dead | H51: 45945 | J51: 45947 | L51: 45950 | N51: 45951 | P51: 45952 | R51: 45953 | T51: 45954 | V51: 45955 | X51: 45956 | Z51: 45957 | AB51: 45958 | AD51: 45959 | AF51: 45960 | AH51: 45961 | AJ51: 45962 | AL51: 45963 | AN51: 45964 | AS51: F0 avec traces de crottes
A52: PF10.1a | B52: M. aquaticum | C52: 45938 | F52: 45943 | G52: 0.42 | H52: 45945 | I52: 0.42 | J52: 45947 | K52: 0.6 | L52: 45950 | M52: 0.66 | N52: 45951 | P52: 45952 | Q52: 0.66 | R52: 45953 | S52: prepupal stage | T52: 45954 | U52: prepupal stage | V52: 45955 | W52: prepupal stage | X52: 45956 | Y52: prepupal stage | Z52: 45957 | AA52: pupa | AB52: 45958 | AD52: 45959 | AF52: 45960 | AH52: 45961 | AI52: adult | AJ52: 45962 | AL52: 45963 | AN52: 45964 | AS52: F0 avec peu de crottes
A53: PF10.2a | B53: M. aquaticum | C53: 45938 | F53: 45943 | G53: 0.3 | H53: 45945 | J53: 45947 | L53: 45950 | N53: 45951 | P53: 45952 | R53: 45953 | T53: 45954 | V53: 45955 | X53: 45956 | Z53: 45957 | AB53: 45958 | AD53: 45959 | AF53: 45960 | AH53: 45961 | AJ53: 45962 | AL53: 45963 | AN53: 45964 | AS53: F0 mais traces de crottes
A54: PF11.1a | B54: M. aquaticum | C54: 45938 | F54: 45943 | G54: 0.3 | H54: 45945 | J54: 45947 | L54: 45950 | N54: 45951 | P54: 45952 | R54: 45953 | T54: 45954 | V54: 45955 | X54: 45956 | Z54: 45957 | AB54: 45958 | AD54: 45959 | AF54: 45960 | AH54: 45961 | AJ54: 45962 | AL54: 45963 | AN54: 45964 | AS54: F1
A55: PF11.2a | B55: M. aquaticum | C55: 45938 | F55: 45943 | H55: 45945 | I55: 0.24 | J55: 45947 | L55: 45950 | N55: 45951 | P55: 45952 | R55: 45953 | T55: 45954 | V55: 45955 | X55: 45956 | Z55: 45957 | AB55: 45958 | AD55: 45959 | AF55: 45960 | AH55: 45961 | AJ55: 45962 | AL55: 45963 | AN55: 45964 | AS55: F0 mais avec traces de crottes
A56: PF12.1a | B56: M. aquaticum | C56: 45938 | F56: 45943 | G56: 0.3 | H56: 45945 | I56: 0.48 | J56: 45947 | K56: 0.48 | L56: 45950 | M56: 0.66 | N56: 45951 | P56: 45952 | Q56: 0.72 | R56: 45953 | S56: 0.72 | T56: 45954 | U56: 0.72 | V56: 45955 | W56: prepupal stage | X56: 45956 | Y56: prepupal stage | Z56: 45957 | AA56: pupa | AB56: 45958 | AD56: 45959 | AF56: 45960 | AH56: 45961 | AJ56: 45962 | AK56: adult | AL56: 45963 | AN56: 45964
A57: PF12.2a | B57: M. aquaticum | C57: 45938 | F57: 45943 | H57: 45945 | J57: 45947 | L57: 45950 | N57: 45951 | P57: 45952 | R57: 45953 | T57: 45954 | V57: 45955 | X57: 45956 | Z57: 45957 | AB57: 45958 | AD57: 45959 | AF57: 45960 | AH57: 45961 | AJ57: 45962 | AL57: 45963 | AN57: 45964
A58: PP1.1 | B58: P. palustris | C58: 45938 | F58: 45943 | G58: 0.3 | H58: 45945 | J58: 45947 | K58: 0.3 | L58: 45950 | M58: 0.36 | N58: 45951 | P58: 45952 | R58: 45953 | T58: 45954 | V58: 45955 | X58: 45956 | Z58: 45957 | AB58: 45958 | AD58: 45959 | AF58: 45960 | AH58: 45961 | AJ58: 45962 | AL58: 45963 | AN58: 45964
A59: PP1.2 | B59: P. palustris | C59: 45938 | F59: 45943 | G59: 0.3 | H59: 45945 | I59: 0.3 | J59: 45947 | L59: 45950 | N59: 45951 | P59: 45952 | R59: 45953 | T59: 45954 | V59: 45955 | X59: 45956 | Z59: 45957 | AB59: 45958 | AD59: 45959 | AF59: 45960 | AH59: 45961 | AJ59: 45962 | AL59: 45963 | AN59: 45964
A60: PP2.1 | B60: P. palustris | C60: 45938 | F60: 45943 | H60: 45945 | J60: 45947 | L60: 45950 | N60: 45951 | P60: 45952 | R60: 45953 | T60: 45954 | V60: 45955 | X60: 45956 | Z60: 45957 | AB60: 45958 | AD60: 45959 | AF60: 45960 | AH60: 45961 | AJ60: 45962 | AL60: 45963 | AN60: 45964
A61: PP2.2 | B61: P. palustris | C61: 45938 | F61: 45943 | H61: 45945 | J61: 45947 | K61: 0.42 | L61: 45950 | M61: 0.66 | N61: 45951 | P61: 45952 | Q61: 0.66 | R61: 45953 | S61: 0.66 | T61: 45954 | U61: 0.66 | V61: 45955 | W61: prepupal stage | X61: 45956 | Y61: prepupal stage | Z61: 45957 | AA61: prepupal stage | AB61: 45958 | AC61: prepupal stage | AD61: 45959 | AF61: 45960 | AG61: pupa | AH61: 45961 | AJ61: 45962 | AL61: 45963 | AN61: 45964
A62: PP3.1 | B62: P. palustris | C62: 45938 | D62: 45940 | E62: 0.24 | F62: 45943 | H62: 45945 | J62: 45947 | L62: 45950 | N62: 45951 | P62: 45952 | R62: 45953 | T62: 45954 | V62: 45955 | X62: 45956 | Z62: 45957 | AB62: 45958 | AD62: 45959 | AF62: 45960 | AH62: 45961 | AJ62: 45962 | AL62: 45963 | AN62: 45964
A63: PP3.2 | B63: P. palustris | C63: 45938 | D63: 45940 | E63: 0.3 | F63: 45943 | H63: 45945 | J63: 45947 | L63: 45950 | N63: 45951 | P63: 45952 | R63: 45953 | T63: 45954 | V63: 45955 | X63: 45956 | Z63: 45957 | AB63: 45958 | AD63: 45959 | AF63: 45960 | AH63: 45961 | AJ63: 45962 | AL63: 45963 | AN63: 45964
A64: PP4.1 | B64: P. palustris | C64: 45938 | F64: 45943 | G64: 0.3 | H64: 45945 | J64: 45947 | L64: 45950 | N64: 45951 | P64: 45952 | R64: 45953 | T64: 45954 | V64: 45955 | X64: 45956 | Z64: 45957 | AB64: 45958 | AD64: 45959 | AF64: 45960 | AH64: 45961 | AJ64: 45962 | AL64: 45963 | AN64: 45964
A65: PP4.2 | B65: P. palustris | C65: 45938 | F65: 45943 | G65: 0.24 | H65: 45945 | J65: 45947 | L65: 45950 | N65: 45951 | P65: 45952 | R65: 45953 | T65: 45954 | V65: 45955 | X65: 45956 | Z65: 45957 | AB65: 45958 | AD65: 45959 | AF65: 45960 | AH65: 45961 | AJ65: 45962 | AL65: 45963 | AN65: 45964
A66: PP5.1 | B66: P. palustris | C66: 45938 | F66: 45943 | G66: 0.24 | H66: 45945 | J66: 45947 | L66: 45950 | N66: 45951 | P66: 45952 | R66: 45953 | T66: 45954 | V66: 45955 | X66: 45956 | Z66: 45957 | AB66: 45958 | AD66: 45959 | AF66: 45960 | AH66: 45961 | AJ66: 45962 | AL66: 45963 | AN66: 45964
A67: PP5.2 | B67: P. palustris | C67: 45938 | F67: 45943 | G67: 0.3 | H67: 45945 | J67: 45947 | L67: 45950 | N67: 45951 | P67: 45952 | R67: 45953 | T67: 45954 | V67: 45955 | X67: 45956 | Z67: 45957 | AB67: 45958 | AD67: 45959 | AF67: 45960 | AH67: 45961 | AJ67: 45962 | AL67: 45963 | AN67: 45964
A68: PP6.1 | B68: P. palustris | C68: 45938 | F68: 45943 | H68: 45945 | I68: 0.24 | J68: 45947 | K68: 0.3 | L68: 45950 | M68: didn't find | N68: 45951 | P68: 45952 | R68: 45953 | T68: 45954 | V68: 45955 | X68: 45956 | Z68: 45957 | AB68: 45958 | AD68: 45959 | AF68: 45960 | AH68: 45961 | AJ68: 45962 | AL68: 45963 | AN68: 45964
A69: PP6.2 | B69: P. palustris | C69: 45938 | F69: 45943 | H69: 45945 | J69: 45947 | L69: 45950 | N69: 45951 | P69: 45952 | R69: 45953 | T69: 45954 | V69: 45955 | X69: 45956 | Z69: 45957 | AB69: 45958 | AD69: 45959 | AF69: 45960 | AH69: 45961 | AJ69: 45962 | AL69: 45963 | AN69: 45964 | AS69: F0
A70: PP7.1 | B70: P. palustris | C70: 45938 | F70: 45943 | G70: 0.3 | H70: 45945 | I70: 0.3 | J70: 45947 | L70: 45950 | N70: 45951 | P70: 45952 | R70: 45953 | T70: 45954 | V70: 45955 | X70: 45956 | Z70: 45957 | AB70: 45958 | AD70: 45959 | AF70: 45960 | AH70: 45961 | AJ70: 45962 | AL70: 45963 | AN70: 45964 | AS70: F2
A71: PP7.2 | B71: P. palustris | C71: 45938 | F71: 45943 | G71: larva dead | H71: 45945 | J71: 45947 | L71: 45950 | N71: 45951 | P71: 45952 | R71: 45953 | T71: 45954 | V71: 45955 | X71: 45956 | Z71: 45957 | AB71: 45958 | AD71: 45959 | AF71: 45960 | AH71: 45961 | AJ71: 45962 | AL71: 45963 | AN71: 45964 | AS71: F1
A72: PP8.1 | B72: P. palustris | C72: 45938 | F72: 45943 | G72: larva dead | H72: 45945 | J72: 45947 | L72: 45950 | N72: 45951 | P72: 45952 | R72: 45953 | T72: 45954 | V72: 45955 | X72: 45956 | Z72: 45957 | AB72: 45958 | AD72: 45959 | AF72: 45960 | AH72: 45961 | AJ72: 45962 | AL72: 45963 | AN72: 45964 | AS72: F2
A73: PP8.2 | B73: P. palustris | C73: 45938 | F73: 45943 | H73: 45945 | J73: 45947 | L73: 45950 | N73: 45951 | P73: 45952 | R73: 45953 | T73: 45954 | V73: 45955 | X73: 45956 | Z73: 45957 | AB73: 45958 | AD73: 45959 | AF73: 45960 | AH73: 45961 | AJ73: 45962 | AL73: 45963 | AN73: 45964 | AS73: F1
A74: PP9.1 | B74: P. palustris | C74: 45938 | F74: 45943 | H74: 45945 | J74: 45947 | L74: 45950 | N74: 45951 | P74: 45952 | R74: 45953 | T74: 45954 | V74: 45955 | X74: 45956 | Z74: 45957 | AB74: 45958 | AD74: 45959 | AF74: 45960 | AH74: 45961 | AJ74: 45962 | AL74: 45963 | AN74: 45964 | AS74: F1
A75: PP9.2 | B75: P. palustris | C75: 45938 | F75: 45943 | H75: 45945 | J75: 45947 | K75: larva dead | L75: 45950 | N75: 45951 | P75: 45952 | R75: 45953 | T75: 45954 | V75: 45955 | X75: 45956 | Z75: 45957 | AB75: 45958 | AD75: 45959 | AF75: 45960 | AH75: 45961 | AJ75: 45962 | AL75: 45963 | AN75: 45964 | AS75: F0 mais traces de crottes
A76: PP10.1 | B76: P. palustris | C76: 45938 | D76: 45940 | E76: 0.3 | F76: 45943 | H76: 45945 | J76: 45947 | L76: 45950 | N76: 45951 | P76: 45952 | R76: 45953 | T76: 45954 | V76: 45955 | X76: 45956 | Z76: 45957 | AB76: 45958 | AD76: 45959 | AF76: 45960 | AH76: 45961 | AJ76: 45962 | AL76: 45963 | AN76: 45964 | AS76: F2
A77: PP10.2 | B77: P. palustris | C77: 45938 | F77: 45943 | G77: larva dead | H77: 45945 | J77: 45947 | L77: 45950 | N77: 45951 | P77: 45952 | R77: 45953 | T77: 45954 | V77: 45955 | X77: 45956 | Z77: 45957 | AB77: 45958 | AD77: 45959 | AF77: 45960 | AH77: 45961 | AJ77: 45962 | AL77: 45963 | AN77: 45964
A78: PP11.1 | B78: P. palustris | C78: 45938 | F78: 45943 | H78: 45945 | I78: larva dead | J78: 45947 | L78: 45950 | N78: 45951 | P78: 45952 | R78: 45953 | T78: 45954 | V78: 45955 | X78: 45956 | Z78: 45957 | AB78: 45958 | AD78: 45959 | AF78: 45960 | AH78: 45961 | AJ78: 45962 | AL78: 45963 | AN78: 45964
A79: PP11.2 | B79: P. palustris | C79: 45938 | D79: 45939 | E79: 0.3 | F79: 45943 | H79: 45945 | J79: 45947 | L79: 45950 | N79: 45951 | P79: 45952 | R79: 45953 | T79: 45954 | V79: 45955 | X79: 45956 | Z79: 45957 | AB79: 45958 | AD79: 45959 | AF79: 45960 | AH79: 45961 | AJ79: 45962 | AL79: 45963 | AN79: 45964 | AS79: F2
A80: PP12.1 | B80: P. palustris | C80: 45938 | F80: 45943 | G80: 0.6 | H80: 45945 | I80: 0.66 | J80: 45947 | K80: prepupal_stage | L80: 45950 | M80: pupa | N80: 45951 | P80: 45952 | R80: 45953 | T80: 45954 | U80: adult | V80: 45955 | X80: 45956 | Z80: 45957 | AB80: 45958 | AD80: 45959 | AF80: 45960 | AH80: 45961 | AJ80: 45962 | AL80: 45963 | AN80: 45964
A81: PP12.2 | B81: P. palustris | C81: 45938 | D81: 45939 | E81: 0.3 | F81: 45943 | H81: 45945 | J81: 45947 | L81: 45950 | N81: 45951 | P81: 45952 | R81: 45953 | T81: 45954 | V81: 45955 | X81: 45956 | Z81: 45957 | AB81: 45958 | AD81: 45959 | AF81: 45960 | AH81: 45961 | AJ81: 45962 | AL81: 45963 | AN81: 45964
A82: MHi1.1 | B82: M. hippuroides | C82: 45938 | F82: 45943 | G82: 0.3 | H82: 45945 | I82: 0.42 | J82: 45947 | K82: 0.48 | L82: 45950 | M82: 0.66 | N82: 45951 | O82: 0.66 | P82: 45952 | Q82: 0.66 | R82: 45953 | T82: 45954 | U82: 0.66 | V82: 45955 | W82: prepupal stage | X82: 45956 | Y82: pupa | Z82: 45957 | AB82: 45958 | AD82: 45959 | AF82: 45960 | AH82: 45961 | AI82: adult | AJ82: 45962 | AL82: 45963 | AN82: 45964
A83: MHi1.2 | B83: M. hippuroides | C83: 45938 | F83: 45943 | H83: 45945 | J83: 45947 | L83: 45950 | N83: 45951 | P83: 45952 | R83: 45953 | T83: 45954 | V83: 45955 | X83: 45956 | Z83: 45957 | AB83: 45958 | AD83: 45959 | AF83: 45960 | AH83: 45961 | AJ83: 45962 | AL83: 45963 | AN83: 45964
A84: MHi2.1 | B84: M. hippuroides | C84: 45938 | F84: 45943 | H84: 45945 | J84: 45947 | L84: 45950 | N84: 45951 | P84: 45952 | R84: 45953 | T84: 45954 | V84: 45955 | X84: 45956 | Z84: 45957 | AB84: 45958 | AD84: 45959 | AF84: 45960 | AH84: 45961 | AJ84: 45962 | AL84: 45963 | AN84: 45964
A85: MHi2.2 | B85: M. hippuroides | C85: 45938 | F85: 45943 | H85: 45945 | J85: 45947 | L85: 45950 | N85: 45951 | P85: 45952 | R85: 45953 | T85: 45954 | V85: 45955 | X85: 45956 | Z85: 45957 | AB85: 45958 | AD85: 45959 | AF85: 45960 | AH85: 45961 | AJ85: 45962 | AL85: 45963 | AN85: 45964
A86: MHi3.1 | B86: M. hippuroides | C86: 45938 | F86: 45943 | H86: 45945 | J86: 45947 | L86: 45950 | N86: 45951 | P86: 45952 | R86: 45953 | T86: 45954 | V86: 45955 | X86: 45956 | Z86: 45957 | AB86: 45958 | AD86: 45959 | AF86: 45960 | AH86: 45961 | AJ86: 45962 | AL86: 45963 | AN86: 45964
A87: MHi3.2 | B87: M. hippuroides | C87: 45938 | D87: 45939 | E87: 0.3 | F87: 45943 | H87: 45945 | J87: 45947 | L87: 45950 | N87: 45951 | P87: 45952 | R87: 45953 | T87: 45954 | V87: 45955 | X87: 45956 | Z87: 45957 | AB87: 45958 | AD87: 45959 | AF87: 45960 | AH87: 45961 | AJ87: 45962 | AL87: 45963 | AN87: 45964
A88: MHi4.1 | B88: M. hippuroides | C88: 45938 | F88: 45943 | G88: 0.42 | H88: 45945 | I88: 0.42 | J88: 45947 | K88: 0.6 | L88: 45950 | M88: 0.66 | N88: 45951 | P88: 45952 | Q88: prepupal stage | R88: 45953 | S88: prepupal stage | T88: 45954 | U88: pupa | V88: 45955 | W88: pupa | X88: 45956 | Z88: 45957 | AB88: 45958 | AD88: 45959 | AE88: adult | AF88: 45960 | AH88: 45961 | AJ88: 45962 | AL88: 45963 | AN88: 45964
A89: MHi4.2 | B89: M. hippuroides | C89: 45938 | F89: 45943 | G89: 0.42 | H89: 45945 | I89: 0.42 | J89: 45947 | K89: 0.54 | L89: 45950 | M89: 0.66 | N89: 45951 | O89: prepupal stage | P89: 45952 | Q89: prepupal stage | R89: 45953 | S89: pupa | T89: 45954 | U89: pupa | V89: 45955 | W89: pupa | X89: 45956 | Z89: 45957 | AA89: adult | AB89: 45958 | AD89: 45959 | AF89: 45960 | AH89: 45961 | AJ89: 45962 | AL89: 45963 | AN89: 45964
A90: MHi5.1 | B90: M. hippuroides | C90: 45938 | F90: 45943 | G90: 0.42 | H90: 45945 | I90: 0.42 | J90: 45947 | K90: 0.42 | L90: 45950 | M90: 0.6 | N90: 45951 | O90: 0.6 | P90: 45952 | Q90: 0.6 | R90: 45953 | T90: 45954 | U90: 0.6 | V90: 45955 | W90: prepupal stage | X90: 45956 | Y90: prepupal stage | Z90: 45957 | AA90: pupa | AB90: 45958 | AD90: 45959 | AF90: 45960 | AH90: 45961 | AJ90: 45962 | AL90: 45963 | AM90: adult | AN90: 45964
A91: MHi5.2 | B91: M. hippuroides | C91: 45938 | F91: 45943 | H91: 45945 | J91: 45947 | L91: 45950 | N91: 45951 | P91: 45952 | R91: 45953 | T91: 45954 | V91: 45955 | X91: 45956 | Z91: 45957 | AB91: 45958 | AD91: 45959 | AF91: 45960 | AH91: 45961 | AJ91: 45962 | AL91: 45963 | AN91: 45964
A92: MHi6.1 | B92: M. hippuroides | C92: 45938 | F92: 45943 | G92: 0.3 | H92: 45945 | I92: 0.36 | J92: 45947 | K92: 0.42 | L92: 45950 | M92: 0.54 | N92: 45951 | O92: 0.6 | P92: 45952 | Q92: 0.6 | R92: 45953 | S92: 0.6 | T92: 45954 | U92: 0.6 | V92: 45955 | W92: prepupal stage | X92: 45956 | Y92: prepupal stage | Z92: 45957 | AB92: 45958 | AC92: prepupal stage | AD92: 45959 | AF92: 45960 | AG92: pupa | AH92: 45961 | AJ92: 45962 | AK92: dead | AL92: 45963 | AN92: 45964 | AS92: dead <- dessication
A93: MHi6.2 | B93: M. hippuroides | C93: 45938 | F93: 45943 | H93: 45945 | J93: 45947 | L93: 45950 | N93: 45951 | P93: 45952 | R93: 45953 | T93: 45954 | V93: 45955 | X93: 45956 | Z93: 45957 | AB93: 45958 | AD93: 45959 | AF93: 45960 | AH93: 45961 | AJ93: 45962 | AL93: 45963 | AN93: 45964 | AS93: F1
A94: MHi7.1 | B94: M. hippuroides | C94: 45938 | D94: 45939 | E94: 0.3 | F94: 45943 | H94: 45945 | J94: 45947 | L94: 45950 | N94: 45951 | P94: 45952 | R94: 45953 | T94: 45954 | V94: 45955 | X94: 45956 | Z94: 45957 | AB94: 45958 | AD94: 45959 | AF94: 45960 | AH94: 45961 | AJ94: 45962 | AL94: 45963 | AN94: 45964 | AS94: F0
A95: MHi7.2 | B95: M. hippuroides | C95: 45938 | D95: 45940 | E95: 0.24 | F95: 45943 | H95: 45945 | J95: 45947 | L95: 45950 | N95: 45951 | P95: 45952 | R95: 45953 | T95: 45954 | V95: 45955 | X95: 45956 | Z95: 45957 | AB95: 45958 | AD95: 45959 | AF95: 45960 | AH95: 45961 | AJ95: 45962 | AL95: 45963 | AN95: 45964 | AS95: F0
A96: MHi8.1 | B96: M. hippuroides | C96: 45938 | F96: 45943 | H96: 45945 | J96: 45947 | L96: 45950 | N96: 45951 | P96: 45952 | R96: 45953 | T96: 45954 | V96: 45955 | X96: 45956 | Z96: 45957 | AB96: 45958 | AD96: 45959 | AF96: 45960 | AH96: 45961 | AJ96: 45962 | AL96: 45963 | AN96: 45964 | AS96: F0
A97: MHi8.2 | B97: M. hippuroides | C97: 45938 | F97: 45943 | G97: 0.3 | H97: 45945 | I97: 0.3 | J97: 45947 | K97: 0.42 | L97: 45950 | M97: 0.48 | N97: 45951 | P97: 45952 | R97: 45953 | T97: 45954 | V97: 45955 | X97: 45956 | Z97: 45957 | AB97: 45958 | AD97: 45959 | AF97: 45960 | AH97: 45961 | AJ97: 45962 | AL97: 45963 | AN97: 45964 | AS97: F0
A98: MHi9.1 | B98: M. hippuroides | C98: 45938 | F98: 45943 | G98: larva dead | H98: 45945 | J98: 45947 | L98: 45950 | N98: 45951 | P98: 45952 | R98: 45953 | T98: 45954 | V98: 45955 | X98: 45956 | Z98: 45957 | AB98: 45958 | AD98: 45959 | AF98: 45960 | AH98: 45961 | AJ98: 45962 | AL98: 45963 | AN98: 45964 | AS98: F0 avec crottes
A99: MHi9.2 | B99: M. hippuroides | C99: 45938 | F99: 45943 | G99: 0.3 | H99: 45945 | J99: 45947 | L99: 45950 | N99: 45951 | P99: 45952 | R99: 45953 | T99: 45954 | V99: 45955 | X99: 45956 | Z99: 45957 | AB99: 45958 | AD99: 45959 | AF99: 45960 | AH99: 45961 | AJ99: 45962 | AL99: 45963 | AN99: 45964 | AS99: F1
A100: MHi10.1 | B100: M. hippuroides | C100: 45938 | D100: 45939 | E100: larva dead | F100: 45943 | H100: 45945 | J100: 45947 | L100: 45950 | N100: 45951 | P100: 45952 | R100: 45953 | T100: 45954 | V100: 45955 | X100: 45956 | Z100: 45957 | AB100: 45958 | AD100: 45959 | AF100: 45960 | AH100: 45961 | AJ100: 45962 | AL100: 45963 | AN100: 45964 | AS100: F0
A101: MHi10.2 | B101: M. hippuroides | C101: 45938 | F101: 45943 | H101: 45945 | J101: 45947 | L101: 45950 | N101: 45951 | P101: 45952 | R101: 45953 | T101: 45954 | V101: 45955 | X101: 45956 | Z101: 45957 | AB101: 45958 | AD101: 45959 | AF101: 45960 | AH101: 45961 | AJ101: 45962 | AL101: 45963 | AN101: 45964 | AS101: F2
...
